TDSFU Daily run: Mon Oct 27 09:22:24 UTC 2025 TDSFU
TDSFU Daily run: Tue Oct 28 04:35:22 UTC 2025 TDSFU
TDSFU Daily run: Wed Oct 29 04:41:22 UTC 2025 TDSFU
TDSFU Daily run: Thu Oct 30 04:34:53 UTC 2025 TDSFU
TDSFU Daily run: Fri Oct 31 04:38:06 UTC 2025 TDSFU
TDSFU Daily run: Sat Nov  1 04:33:04 UTC 2025 TDSFU
TDSFU Daily run: Sun Nov  2 04:35:44 UTC 2025 TDSFU
TDSFU Daily run: Mon Nov  3 04:41:46 UTC 2025 TDSFU
TDSFU Daily run: Tue Nov  4 04:35:32 UTC 2025 TDSFU
TDSFU Daily run: Wed Nov  5 04:36:35 UTC 2025 TDSFU
TDSFU Daily run: Thu Nov  6 04:41:33 UTC 2025 TDSFU
TDSFU Daily run: Fri Nov  7 04:35:59 UTC 2025 TDSFU
TDSFU Daily run: Sat Nov  8 04:33:54 UTC 2025 TDSFU
TDSFU Daily run: Sun Nov  9 04:34:28 UTC 2025 TDSFU
TDSFU Daily run: Mon Nov 10 04:40:23 UTC 2025 TDSFU
TDSFU Daily run: Tue Nov 11 04:38:56 UTC 2025 TDSFU
